id,repo,body,url,issue_url,issue_title,created_at,user
1296357301,w3c/pointerevents,@saschanaz see also #459 which I think more directly addresses the original post?,https://github.com/w3c/pointerevents/issues/454#issuecomment-1296357301,https://github.com/w3c/pointerevents/issues/454,Order of pointerover/enter/move and corresponding mouse events is different on browsers,2022-10-30T21:43:05Z,patrickhlauke
1296278733,w3c/pointerevents,"@mustaqahmed So #458 added the explanation why pointerout does not directly match to mouseout, but d",https://github.com/w3c/pointerevents/issues/454#issuecomment-1296278733,https://github.com/w3c/pointerevents/issues/454,Order of pointerover/enter/move and corresponding mouse events is different on browsers,2022-10-30T14:56:36Z,saschanaz
1296051948,webkit/standards-positions,Great! Thanks.,https://github.com/WebKit/standards-positions/issues/76#issuecomment-1296051948,https://github.com/WebKit/standards-positions/issues/76,ECMAScript Decorators,2022-10-30T01:24:43Z,bennypowers
1295771042,whatwg/html,"Hi @domenic I created [a question](https://stackoverflow.com/q/74241764/16124033) in Stack Overflow ",https://github.com/whatwg/html/issues/8454#issuecomment-1295771042,https://github.com/whatwg/html/issues/8454,HTML or JavaScript: Why did the code work yesterday but not today?,2022-10-29T08:25:34Z,mycar98765
1295767853,whatwg/html,This is not a help repository. Please try a website like https://stackoverflow.com.,https://github.com/whatwg/html/issues/8454#issuecomment-1295767853,https://github.com/whatwg/html/issues/8454,HTML or JavaScript: Why did the code work yesterday but not today?,2022-10-29T08:19:38Z,domenic
1295767119,w3ctag/design-reviews,"Also `oklab` and `oklch` per https://drafts.csswg.org/css-color-4/#ok-lab ",https://github.com/w3ctag/design-reviews/issues/488#issuecomment-1295767119,https://github.com/w3ctag/design-reviews/issues/488,"CSS Color: lab(), lch()",2022-10-29T08:15:27Z,dbratell
1295747552,webkit/standards-positions,"Hello! This is TC39 stage-3, it means that we already agreed to prototype this proposal at TC39. Yo",https://github.com/WebKit/standards-positions/issues/76#issuecomment-1295747552,https://github.com/WebKit/standards-positions/issues/76,ECMAScript Decorators,2022-10-29T06:15:53Z,Constellation
1295688782,whatwg/html,Could anyone be able to provide the current status of this proposal?  I just ran into an issue rel,https://github.com/whatwg/html/issues/4320#issuecomment-1295688782,https://github.com/whatwg/html/issues/4320,Add referrerpolicy to <form>,2022-10-29T02:05:55Z,mmarti
1295495588,whatwg/html,@annevk Good thoughts! As far as I can tell from the current spec ([MDN](https://developer.mozilla.o,https://github.com/whatwg/html/issues/8451#issuecomment-1295495588,https://github.com/whatwg/html/issues/8451,Define :blank pseudo-class behavior,2022-10-28T21:44:23Z,brandonmcconnell
1295350326,whatwg/html,"> My remaining bigger concerns are:  Awesome, thanks for the detailed list!  > * It's weird that",https://github.com/whatwg/html/issues/7785#issuecomment-1295350326,https://github.com/whatwg/html/issues/7785,New feature proposal: Popup API,2022-10-28T19:00:33Z,mfreed7
1295265382,w3ctag/design-reviews,Thanks for the comments! I'd really like to hear a consensus response that hopefully includes the di,https://github.com/w3ctag/design-reviews/issues/743#issuecomment-1295265382,https://github.com/w3ctag/design-reviews/issues/743,The Popup API,2022-10-28T17:29:15Z,mfreed7
1295243104,w3ctag/design-reviews,If the high-level concern here is that we don't want to end up in a world with sync and async versio,https://github.com/w3ctag/design-reviews/issues/772#issuecomment-1295243104,https://github.com/w3ctag/design-reviews/issues/772,Sync Methods for FileSystemSyncAccessHandle in File System Access API,2022-10-28T17:06:12Z,a-sully
1295190093,whatwg/html,"cool, how's that @domenic?",https://github.com/whatwg/html/pull/8433#issuecomment-1295190093,https://github.com/whatwg/html/pull/8433,add `scrollend` event details,2022-10-28T16:19:40Z,argyleink
1295162417,whatwg/html,"> Sorry, this still isn't correct... you need to add something to the dependencies section, similar ",https://github.com/whatwg/html/pull/8433#issuecomment-1295162417,https://github.com/whatwg/html/pull/8433,add `scrollend` event details,2022-10-28T15:51:33Z,argyleink
1295067519,whatwg/html,"Done! I also updated https://github.com/w3c/ServiceWorker/pull/1658, since I already had that PR ope",https://github.com/whatwg/html/pull/8412#issuecomment-1295067519,https://github.com/whatwg/html/pull/8412,Editorial: fix usage of processResponseConsumeBody,2022-10-28T14:25:31Z,nicolo-ribaudo
1294981537,whatwg/encoding,"GB18030-2022 will take effect on 1 Aug 2023. Compliance criteria include, at a minimum, not emitting",https://github.com/whatwg/encoding/issues/27#issuecomment-1294981537,https://github.com/whatwg/encoding/issues/27,"If gb18030 is revised, consider aligning the Encoding Standard",2022-10-28T13:09:44Z,hfhchan
1294963899,whatwg/html,"If this change appears too risky, I think we could first try to change the ‚Äúload the image data‚Äù alg",https://github.com/whatwg/html/pull/8008#issuecomment-1294963899,https://github.com/whatwg/html/pull/8008,Add sizes=auto to lazy-loaded <img>,2022-10-28T12:52:09Z,zcorpan
1294961512,whatwg/html,"It's not November yet, but the current value is 1.95%.",https://github.com/whatwg/html/pull/8008#issuecomment-1294961512,https://github.com/whatwg/html/pull/8008,Add sizes=auto to lazy-loaded <img>,2022-10-28T12:49:42Z,zcorpan
1294734035,whatwg/html,"Unless you take steps to copy an origin, you'll reference it, so any modifications to it should be r",https://github.com/whatwg/html/issues/8302#issuecomment-1294734035,https://github.com/whatwg/html/issues/8302,"Refactoring environment origin, top-level site, etc into policy container",2022-10-28T09:05:57Z,annevk
1294712557,whatwg/html,We discussed this a bunch more on Matrix: https://matrixlogs.bakkot.com/WHATWG/2022-10-28.  TL;DR:,https://github.com/whatwg/html/issues/8442#issuecomment-1294712557,https://github.com/whatwg/html/issues/8442,ElementInternals's ARIAMixin,2022-10-28T08:45:40Z,annevk
1294581251,whatwg/html,"OK, sweet! So after that is merged and indexed by the various spec cross-referencing databases (say,",https://github.com/whatwg/html/issues/8449#issuecomment-1294581251,https://github.com/whatwg/html/issues/8449,"Export ""create a new top-level browsing context""?",2022-10-28T07:27:49Z,domenic
1294557310,whatwg/html,"Oh awesome, thanks for rationalising this with what's going on in WHATWG land, I would have had no i",https://github.com/whatwg/html/issues/8449#issuecomment-1294557310,https://github.com/whatwg/html/issues/8449,"Export ""create a new top-level browsing context""?",2022-10-28T07:11:20Z,alancutter
1294530984,whatwg/html,I've added [create a fresh top-level traversable](https://whatpr.org/html/6315/document-sequences.ht,https://github.com/whatwg/html/issues/8449#issuecomment-1294530984,https://github.com/whatwg/html/issues/8449,"Export ""create a new top-level browsing context""?",2022-10-28T06:41:06Z,domenic
1294519557,whatwg/html,"Well, maybe. In #6315, scheduled to land on Monday, we're largely replacing the top-level browsing c",https://github.com/whatwg/html/issues/8449#issuecomment-1294519557,https://github.com/whatwg/html/issues/8449,"Export ""create a new top-level browsing context""?",2022-10-28T06:27:43Z,domenic
1294500086,whatwg/html,> I think it's safe to assume that AT can handle string values (due to the existing content attribut,https://github.com/whatwg/html/issues/8442#issuecomment-1294500086,https://github.com/whatwg/html/issues/8442,ElementInternals's ARIAMixin,2022-10-28T05:59:02Z,domenic
1294455182,whatwg/html,"Sorry, this still isn't correct... you need to add something to the dependencies section, similar to",https://github.com/whatwg/html/pull/8433#issuecomment-1294455182,https://github.com/whatwg/html/pull/8433,add `scrollend` event details,2022-10-28T04:53:00Z,domenic
1294395386,whatwg/html,"Ran into this also in the Screen Orientation API. Although it's a hypothetical scenario, I think it'",https://github.com/whatwg/html/issues/6212#issuecomment-1294395386,https://github.com/whatwg/html/issues/6212,"Require visibility & focus at the point of consuming ""transient activation""",2022-10-28T03:15:39Z,marcoscaceres
1294296444,whatwg/html,"Thanks for working on that!  My remaining bigger concerns are:  - It's weird that `defaultopen=""",https://github.com/whatwg/html/issues/7785#issuecomment-1294296444,https://github.com/whatwg/html/issues/7785,New feature proposal: Popup API,2022-10-28T01:21:44Z,domenic
1294236018,w3ctag/design-reviews,"Probably the next engine to implement JSPI will be Firefox. However, that will likely not be before ",https://github.com/w3ctag/design-reviews/issues/771#issuecomment-1294236018,https://github.com/w3ctag/design-reviews/issues/771,Delta review (to CR) of Web Neural Network API,2022-10-27T23:38:56Z,fgmccabe
1294227563,w3ctag/design-reviews,"Sorry, I don't have any information about timelines here; maybe @fgmccabe does",https://github.com/w3ctag/design-reviews/issues/771#issuecomment-1294227563,https://github.com/w3ctag/design-reviews/issues/771,Delta review (to CR) of Web Neural Network API,2022-10-27T23:24:33Z,littledan
1294223359,w3ctag/design-reviews,I am having trouble following this thread. It sounds like the user-facing requirement is that some C,https://github.com/w3ctag/design-reviews/issues/772#issuecomment-1294223359,https://github.com/w3ctag/design-reviews/issues/772,Sync Methods for FileSystemSyncAccessHandle in File System Access API,2022-10-27T23:16:57Z,littledan
1294212318,whatwg/html,thx for the help y'all,https://github.com/whatwg/html/pull/8433#issuecomment-1294212318,https://github.com/whatwg/html/pull/8433,add `scrollend` event details,2022-10-27T22:58:08Z,argyleink
1294041695,w3ctag/design-reviews,"There's a lot of great discussion by WASM developers on https://github.com/whatwg/fs/issues/7 which ",https://github.com/w3ctag/design-reviews/issues/772#issuecomment-1294041695,https://github.com/w3ctag/design-reviews/issues/772,Sync Methods for FileSystemSyncAccessHandle in File System Access API,2022-10-27T20:43:13Z,a-sully
1294040789,whatwg/html,"I've tried to start a PR in https://github.com/whatwg/html/pull/8447, but I don't know where to set ",https://github.com/whatwg/html/issues/8302#issuecomment-1294040789,https://github.com/whatwg/html/issues/8302,"Refactoring environment origin, top-level site, etc into policy container",2022-10-27T20:42:12Z,wanderview
1294037700,whatwg/html,"Hmm, another complication may be that document.origin is altered when document.domain is set?  I'm u",https://github.com/whatwg/html/issues/8302#issuecomment-1294037700,https://github.com/whatwg/html/issues/8302,"Refactoring environment origin, top-level site, etc into policy container",2022-10-27T20:38:54Z,wanderview
1294003972,w3ctag/design-reviews,"This is a fairly mature specification, so we're fine to close this. Thank you for flying TAG!",https://github.com/w3ctag/design-reviews/issues/781#issuecomment-1294003972,https://github.com/w3ctag/design-reviews/issues/781,CSS Values and Units Level 4,2022-10-27T20:02:46Z,LeaVerou
1293978186,whatwg/html,This would be pretty useful for PDF documents.,https://github.com/whatwg/html/issues/8444#issuecomment-1293978186,https://github.com/whatwg/html/issues/8444,Proposal: add `print` attribute to `<a>` tag,2022-10-27T19:36:49Z,Yay295
1293955366,whatwg/html,"Hmm, another complication will be that adding origin, top-level site, etc to policy container will m",https://github.com/whatwg/html/issues/8302#issuecomment-1293955366,https://github.com/whatwg/html/issues/8302,"Refactoring environment origin, top-level site, etc into policy container",2022-10-27T19:13:12Z,wanderview
1293952472,whatwg/html,So the OpenUI just discussed the renaming of this feature. We had some good debate centering on deve,https://github.com/whatwg/html/issues/7785#issuecomment-1293952472,https://github.com/whatwg/html/issues/7785,New feature proposal: Popup API,2022-10-27T19:10:12Z,mfreed7
1293915645,w3c/editing,> could you [Join the Web Editing Working Group](https://www.w3.org/2004/01/pp-impl/131776/join)? Th,https://github.com/w3c/editing/pull/407#issuecomment-1293915645,https://github.com/w3c/editing/pull/407,Define `contenteditable=plaintext-only`,2022-10-27T18:33:49Z,howard-e
1293911312,w3ctag/design-reviews,@littledan this was also brought up by @domenic in https://github.com/webmachinelearning/webnn/issue,https://github.com/w3ctag/design-reviews/issues/771#issuecomment-1293911312,https://github.com/w3ctag/design-reviews/issues/771,Delta review (to CR) of Web Neural Network API,2022-10-27T18:30:14Z,anssiko
1293910297,w3ctag/design-reviews,"The motivation for associating a string with a language seems clear, but what's less clear to me is ",https://github.com/w3ctag/design-reviews/issues/716#issuecomment-1293910297,https://github.com/w3ctag/design-reviews/issues/716,I18N String-Meta and WebIDL,2022-10-27T18:29:18Z,littledan
1293897839,w3ctag/design-reviews,"I'm wondering, what's the motivation for the sync API? I think async APIs should be friendly to WebA",https://github.com/w3ctag/design-reviews/issues/772#issuecomment-1293897839,https://github.com/w3ctag/design-reviews/issues/772,Sync Methods for FileSystemSyncAccessHandle in File System Access API,2022-10-27T18:16:57Z,littledan
1293897317,w3ctag/design-reviews,"I'm wondering, what's the motivation for the sync API? I think async APIs should be friendly to WebA",https://github.com/w3ctag/design-reviews/issues/771#issuecomment-1293897317,https://github.com/w3ctag/design-reviews/issues/771,Delta review (to CR) of Web Neural Network API,2022-10-27T18:16:26Z,littledan
1293859227,mozilla/standards-positions,We recently discussed the question of shadow DOM vs pseudo-elements at CSSWG [here](https://github.c,https://github.com/mozilla/standards-positions/issues/677#issuecomment-1293859227,https://github.com/mozilla/standards-positions/issues/677,Request for Position: Shared Element Transition API,2022-10-27T17:40:06Z,khushalsagar
1293814404,whatwg/html,Thanks everyone for attending! Here are the notes from this meeting (the next one is at https://gith,https://github.com/whatwg/html/issues/8385#issuecomment-1293814404,https://github.com/whatwg/html/issues/8385,Upcoming HTML standard issue triage meeting on 10/27/2022,2022-10-27T16:57:54Z,past
1293795056,whatwg/html,"I added a commit to also fix the signature for synchronous fetching, by removing synchronous fetchin",https://github.com/whatwg/html/pull/8412#issuecomment-1293795056,https://github.com/whatwg/html/pull/8412,Editorial: fix usage of processResponseConsumeBody,2022-10-27T16:39:56Z,nicolo-ribaudo
1293685542,whatwg/html,I chatted with @rniwa about this and I think he has a good point that this is a bit odd. For the HTM,https://github.com/whatwg/html/pull/5465#issuecomment-1293685542,https://github.com/whatwg/html/pull/5465,Add declarative Shadow DOM features,2022-10-27T15:13:16Z,annevk
1293621075,whatwg/webidl,"Right, but in that case isn't a single exception type for all SmartCard stuff kinda nice? At least i",https://github.com/whatwg/webidl/issues/1219#issuecomment-1293621075,https://github.com/whatwg/webidl/issues/1219,What to do about specs that need lots of error types,2022-10-27T14:34:10Z,annevk
1293620419,whatwg/html,PR: #8428  This issue still has `needs implementer interest`. @yoavweiss is there interest for Chr,https://github.com/whatwg/html/issues/6636#issuecomment-1293620419,https://github.com/whatwg/html/issues/6636,Lazy loading video element poster attribute,2022-10-27T14:33:39Z,zcorpan
1293608380,whatwg/dom,"`<div onclick=""doSomething(5, event)"">` works as per the algorithm I pointed to. It'll not refer to ",https://github.com/whatwg/dom/issues/1123#issuecomment-1293608380,https://github.com/whatwg/dom/issues/1123,"""Web developers are strongly encouraged to inste...""",2022-10-27T14:27:31Z,annevk
1293603556,whatwg/dom,"@annevk @domenic   Thanks for your responses.  I care deeply about that, and have been monitorin",https://github.com/whatwg/dom/issues/1123#issuecomment-1293603556,https://github.com/whatwg/dom/issues/1123,"""Web developers are strongly encouraged to inste...""",2022-10-27T14:23:52Z,wadih
1293591333,whatwg/html,"I was thinking that maybe we can move origin to HTML, but that does not immediately work as it's als",https://github.com/whatwg/html/issues/8302#issuecomment-1293591333,https://github.com/whatwg/html/issues/8302,"Refactoring environment origin, top-level site, etc into policy container",2022-10-27T14:15:10Z,annevk
1293576277,whatwg/encoding,https://unicode-org.atlassian.net/browse/ICU-22098 might have implications for what some implementat,https://github.com/whatwg/encoding/issues/27#issuecomment-1293576277,https://github.com/whatwg/encoding/issues/27,"If gb18030 is revised, consider aligning the Encoding Standard",2022-10-27T14:04:16Z,annevk
1293560323,whatwg/html,"Thanks for the precision,  I know that the validator has some problems, moreover he must have receiv",https://github.com/whatwg/html/issues/8438#issuecomment-1293560323,https://github.com/whatwg/html/issues/8438,"""Here are some examples of valid headings contai...""",2022-10-27T13:52:53Z,Oznogco
1293478139,whatwg/html,@Oznogco there is already a bug for the validator to output the updated information: https://github.,https://github.com/whatwg/html/issues/8438#issuecomment-1293478139,https://github.com/whatwg/html/issues/8438,"""Here are some examples of valid headings contai...""",2022-10-27T12:49:14Z,scottaohara
1293400570,whatwg/html,Please file a bug with whatever tool you are using which gives you such incorrect information.,https://github.com/whatwg/html/issues/8438#issuecomment-1293400570,https://github.com/whatwg/html/issues/8438,"""Here are some examples of valid headings contai...""",2022-10-27T11:41:14Z,domenic
1293383765,whatwg/html,"cc @whatwg/forms ",https://github.com/whatwg/html/issues/1448#issuecomment-1293383765,https://github.com/whatwg/html/issues/1448,Add IBAN/BIC to autofill options,2022-10-27T11:25:53Z,annevk
1293374988,whatwg/html,"**The attribute name should not mention ""file""** The attribute for an image width is ""width"", not """,https://github.com/whatwg/html/issues/4923#issuecomment-1293374988,https://github.com/whatwg/html/issues/4923,add attribute  max-size to input type file,2022-10-27T11:18:34Z,briquet9
1293372891,whatwg/html,I think it's safe to assume that AT can handle string values (due to the existing content attributes,https://github.com/whatwg/html/issues/8442#issuecomment-1293372891,https://github.com/whatwg/html/issues/8442,ElementInternals's ARIAMixin,2022-10-27T11:16:44Z,annevk
1293356241,whatwg/html,"It's not me who says it, it's the validator! Did you try https://validator.w3.org/nu/#textarea  Hey,",https://github.com/whatwg/html/issues/8438#issuecomment-1293356241,https://github.com/whatwg/html/issues/8438,"""Here are some examples of valid headings contai...""",2022-10-27T11:02:09Z,Oznogco
1293341053,w3ctag/design-reviews,@torgo thank you for keeping us updated. The WG is slated to discuss this on [2022-11-03](https://gi,https://github.com/w3ctag/design-reviews/issues/771#issuecomment-1293341053,https://github.com/w3ctag/design-reviews/issues/771,Delta review (to CR) of Web Neural Network API,2022-10-27T10:47:55Z,anssiko
1293216994,whatwg/html,"The web doesn't really do EOL unless there's security or privacy problems, or something is so severe",https://github.com/whatwg/html/issues/8297#issuecomment-1293216994,https://github.com/whatwg/html/issues/8297,Last-Event-ID response if unavailable,2022-10-27T09:04:29Z,annevk
1293206699,whatwg/html,"for reference, see: https://github.com/whatwg/html/issues/8297#issuecomment-1292586719",https://github.com/whatwg/html/issues/7571#issuecomment-1293206699,https://github.com/whatwg/html/issues/7571,Server-Sent Events (SSE) - add Keep-Alive Messages definition,2022-10-27T08:55:49Z,Tieske
1293204947,whatwg/html,Thx for the explanation @annevk . I guess that makes sense in the browser context. Doesn't that mean,https://github.com/whatwg/html/issues/8297#issuecomment-1293204947,https://github.com/whatwg/html/issues/8297,Last-Event-ID response if unavailable,2022-10-27T08:54:15Z,Tieske
1293170101,mozilla/standards-positions,It is still unclear to me what to do with cross-origin iframes if they live in the same process as t,https://github.com/mozilla/standards-positions/issues/155#issuecomment-1293170101,https://github.com/mozilla/standards-positions/issues/155,isInputPending API,2022-10-27T08:25:03Z,smaug----
1293075813,w3ctag/design-reviews,"Hi @kalyanaj , we had a discussion at our TAG meeting today and are generally happy with this propos",https://github.com/w3ctag/design-reviews/issues/777#issuecomment-1293075813,https://github.com/w3ctag/design-reviews/issues/777,Requesting TAG review for Trace Context Level 2 changes,2022-10-27T06:54:48Z,maxpassion
1293054529,whatwg/html,"It's not widely used and can easily be written in ""userland"" on top of fetch. We didn't have good re",https://github.com/whatwg/html/issues/8297#issuecomment-1293054529,https://github.com/whatwg/html/issues/8297,Last-Event-ID response if unavailable,2022-10-27T06:28:46Z,annevk
1293050243,whatwg/html,"Ok, got around to creating the test... https://github.com/web-platform-tests/wpt/pull/36684  Um...",https://github.com/whatwg/html/issues/8378#issuecomment-1293050243,https://github.com/whatwg/html/issues/8378,User activation: what should happen if there is no browsing context?,2022-10-27T06:23:54Z,marcoscaceres
1292882580,whatwg/html,I see. I think user research would be needed to see if the majority of keyboard users agree with you,https://github.com/whatwg/html/issues/8439#issuecomment-1292882580,https://github.com/whatwg/html/issues/8439,"After scrolling to the beginning of the document, the sequential focus navigation starting point should be unset.",2022-10-27T02:27:59Z,domenic
1292877423,whatwg/html,"Yes, that‚Äôs what browsers are currently doing. Sorry if I wasn‚Äôt clear.  The current behavior is n",https://github.com/whatwg/html/issues/8439#issuecomment-1292877423,https://github.com/whatwg/html/issues/8439,"After scrolling to the beginning of the document, the sequential focus navigation starting point should be unset.",2022-10-27T02:21:16Z,simevidas
1292877149,whatwg/dom,"> in Chrome they first fell out of sync, and in subsequent reorderings stuck to their last update. ",https://github.com/whatwg/dom/issues/891#issuecomment-1292877149,https://github.com/whatwg/dom/issues/891,Proposal: New method to reorder child nodes,2022-10-27T02:20:49Z,wlib
1292862678,whatwg/html,"This isn't what I am seeing, testing in Firefox on Linux. There, if I press tab after clicking the l",https://github.com/whatwg/html/issues/8439#issuecomment-1292862678,https://github.com/whatwg/html/issues/8439,"After scrolling to the beginning of the document, the sequential focus navigation starting point should be unset.",2022-10-27T01:56:15Z,domenic
1292861843,whatwg/html,That's incorrect; they are valid according to the spec.,https://github.com/whatwg/html/issues/8438#issuecomment-1292861843,https://github.com/whatwg/html/issues/8438,"""Here are some examples of valid headings contai...""",2022-10-27T01:54:34Z,domenic
1292860137,whatwg/html,The EventSource instance doesn't need to know anything from the header. It knows that every time you,https://github.com/whatwg/html/issues/7571#issuecomment-1292860137,https://github.com/whatwg/html/issues/7571,Server-Sent Events (SSE) - add Keep-Alive Messages definition,2022-10-27T01:50:54Z,domenic
1292855632,whatwg/html,"OK, cool. Please update the PR to link to the definition at https://drafts.csswg.org/cssom-view/#eve",https://github.com/whatwg/html/pull/8433#issuecomment-1292855632,https://github.com/whatwg/html/pull/8433,add `scrollend` event details,2022-10-27T01:41:19Z,domenic
1292854667,whatwg/dom,"Yep, this is definitely deprecated.  Frameworks are not required. Just change `() => { ... }` to `",https://github.com/whatwg/dom/issues/1123#issuecomment-1292854667,https://github.com/whatwg/dom/issues/1123,"""Web developers are strongly encouraged to inste...""",2022-10-27T01:39:41Z,domenic
1292851063,whatwg/dom,"> I got the impression this isn't ready for a more detailed review as of yet, especially as there ap",https://github.com/whatwg/dom/pull/892#issuecomment-1292851063,https://github.com/whatwg/dom/pull/892,Add declarative Shadow DOM features,2022-10-27T01:32:47Z,mfreed7
1292847690,whatwg/html,"I finally got a draft of the implementation in chromium done, and here is a new test and many other ",https://github.com/whatwg/html/pull/8199#issuecomment-1292847690,https://github.com/whatwg/html/pull/8199,Implement dialog initial focus proposal,2022-10-27T01:26:46Z,josepharhar
1292837017,whatwg/html,"> Blink / WebKit seems to ~focus~ _activate_ the last element [‚Ä¶], > Firefox focus the first such a",https://github.com/whatwg/html/issues/4385#issuecomment-1292837017,https://github.com/whatwg/html/issues/4385,Define what happens when multiple elements have the same accesskey,2022-10-27T01:08:34Z,Krinkle
1292805539,whatwg/html,> So I still stand with my comment that declarative shadow DOM inside other template elements and al,https://github.com/whatwg/html/pull/5465#issuecomment-1292805539,https://github.com/whatwg/html/pull/5465,Add declarative Shadow DOM features,2022-10-27T00:23:47Z,mfreed7
1292689940,whatwg/html,This would be very useful.,https://github.com/whatwg/html/issues/1448#issuecomment-1292689940,https://github.com/whatwg/html/issues/1448,Add IBAN/BIC to autofill options,2022-10-26T21:47:00Z,yatil
1292624647,w3ctag/design-reviews,Thank you for all the background @mfreed7 and the discussion on Monday. Here are some of my thoughts,https://github.com/w3ctag/design-reviews/issues/743#issuecomment-1292624647,https://github.com/w3ctag/design-reviews/issues/743,The Popup API,2022-10-26T20:36:34Z,LeaVerou
1292606463,whatwg/html,"I'm looking at moving origin to policy container, but I have another question.  Right now the origin",https://github.com/whatwg/html/issues/8302#issuecomment-1292606463,https://github.com/whatwg/html/issues/8302,"Refactoring environment origin, top-level site, etc into policy container",2022-10-26T20:18:57Z,wanderview
1292586719,whatwg/html,> It seems highly unlikely we'd further extend the EventSource feature.  what is the reason for th,https://github.com/whatwg/html/issues/8297#issuecomment-1292586719,https://github.com/whatwg/html/issues/8297,Last-Event-ID response if unavailable,2022-10-26T19:58:17Z,Tieske
1292576949,whatwg/html,Isn't the eventsource the one that monitors the connection state and reconnects automatically? So th,https://github.com/whatwg/html/issues/7571#issuecomment-1292576949,https://github.com/whatwg/html/issues/7571,Server-Sent Events (SSE) - add Keep-Alive Messages definition,2022-10-26T19:50:51Z,Tieske
1292459916,whatwg/dom,"Unless otherwise specified, Selectors/Cascade is based on the DOM tree, and then *everything else* i",https://github.com/whatwg/dom/issues/891#issuecomment-1292459916,https://github.com/whatwg/dom/issues/891,Proposal: New method to reorder child nodes,2022-10-26T18:49:56Z,tabatkins
1292383066,whatwg/dom,"@barneycarroll that‚Äôs a great find + demo.  In CSS Lists 3, the ‚Äútree‚Äù whose tree order is used to",https://github.com/whatwg/dom/issues/891#issuecomment-1292383066,https://github.com/whatwg/dom/issues/891,Proposal: New method to reorder child nodes,2022-10-26T17:35:33Z,bathos
1292340562,w3ctag/design-reviews,Shipping lab and lch in blink soon:  https://groups.google.com/a/chromium.org/g/blink-dev/c/r0QATT,https://github.com/w3ctag/design-reviews/issues/488#issuecomment-1292340562,https://github.com/w3ctag/design-reviews/issues/488,"CSS Color: lab(), lch()",2022-10-26T17:00:04Z,mysteryDate
1292328043,w3ctag/design-reviews,"Shipping this in blink soon:  https://groups.google.com/a/chromium.org/g/blink-dev/c/r0QATT8-kOw ",https://github.com/w3ctag/design-reviews/issues/526#issuecomment-1292328043,https://github.com/w3ctag/design-reviews/issues/526,CSS color-mix function,2022-10-26T16:49:37Z,mysteryDate
1292281804,w3c/pointerevents,"We have these WPTs covering the event ""class"": `wpt/pointerevents/*_is_a_pointerevent.html`  Howev",https://github.com/w3c/pointerevents/pull/456#issuecomment-1292281804,https://github.com/w3c/pointerevents/pull/456,"Fix stale text around click, auxclick and contextmenu events",2022-10-26T16:10:38Z,mustaqahmed
1292208616,whatwg/dom,"Thanks @wlib, @bathos for highlighting this slot assignment behaviour. This interests me in the cont",https://github.com/whatwg/dom/issues/891#issuecomment-1292208616,https://github.com/whatwg/dom/issues/891,Proposal: New method to reorder child nodes,2022-10-26T15:17:17Z,barneycarroll
1292182733,w3c/pointerevents,There seem to be tests for this. <event>_is_a_pointerevent...,https://github.com/w3c/pointerevents/pull/317#issuecomment-1292182733,https://github.com/w3c/pointerevents/pull/317,"Change the type of click, auxclick, and contextmenu to PointerEvent",2022-10-26T14:58:04Z,smaug----
1292162668,whatwg/html,spec is here https://drafts.csswg.org/cssom-view/#scrolling,https://github.com/whatwg/html/pull/8433#issuecomment-1292162668,https://github.com/whatwg/html/pull/8433,add `scrollend` event details,2022-10-26T14:44:37Z,argyleink
1292149060,whatwg/dom,I think deprecated/warning is appropriate for this API. That's why it's labeled `// legacy` in Web I,https://github.com/whatwg/dom/issues/1123#issuecomment-1292149060,https://github.com/whatwg/dom/issues/1123,"""Web developers are strongly encouraged to inste...""",2022-10-26T14:34:58Z,annevk
1291873634,whatwg/html,"I just thought somebody forgot to add/remove them. If that's how it is supposed to be, then that's c",https://github.com/whatwg/html/pull/8431#issuecomment-1291873634,https://github.com/whatwg/html/pull/8431,Update index of global events,2022-10-26T11:14:34Z,NiedziolkaMichal
1291870020,whatwg/html,"`beforeinput` was added *to `GlobalEventHandlers`*, but HTML does not fire it, so including it in th",https://github.com/whatwg/html/pull/8431#issuecomment-1291870020,https://github.com/whatwg/html/pull/8431,Update index of global events,2022-10-26T11:11:09Z,domenic
1291855267,whatwg/html," ""onbeforeinput"" attribute was added on 10 jun 2022. https://github.com/whatwg/html/commit/b154c38",https://github.com/whatwg/html/pull/8431#issuecomment-1291855267,https://github.com/whatwg/html/pull/8431,Update index of global events,2022-10-26T10:57:35Z,mtrootyy
1291829310,whatwg/notifications,"Hey, thanks for the updates.  @rayankans and I had a look over the new version. It addresses our c",https://github.com/whatwg/notifications/issues/183#issuecomment-1291829310,https://github.com/whatwg/notifications/issues/183,Customization Extension for Calling Scenarios,2022-10-26T10:32:41Z,PEConn
1291798359,whatwg/html,You need it on Text node since dnd events work with Text nodes.,https://github.com/whatwg/html/issues/8430#issuecomment-1291798359,https://github.com/whatwg/html/issues/8430,Is it correct that Drag and Drop fires a `pointercancel` to a text node?,2022-10-26T10:04:54Z,smaug----
1291792552,whatwg/html,"FWIW, I agree with domenic and annevk.",https://github.com/whatwg/html/issues/8297#issuecomment-1291792552,https://github.com/whatwg/html/issues/8297,Last-Event-ID response if unavailable,2022-10-26T09:59:44Z,smaug----
1291658863,whatwg/html,"I can kinda understand wanting to separate this information in some way, but I second @domenic's rec",https://github.com/whatwg/html/issues/8297#issuecomment-1291658863,https://github.com/whatwg/html/issues/8297,Last-Event-ID response if unavailable,2022-10-26T08:11:41Z,annevk
1291444807,whatwg/html,So I still stand with my comment that declarative shadow DOM inside other template elements and allo,https://github.com/whatwg/html/pull/5465#issuecomment-1291444807,https://github.com/whatwg/html/pull/5465,Add declarative Shadow DOM features,2022-10-26T03:22:54Z,rniwa
1291340477,whatwg/html,This doesn't seem correct. Can you state more about the motivation for these changes?  We only inc,https://github.com/whatwg/html/pull/8431#issuecomment-1291340477,https://github.com/whatwg/html/pull/8431,Update index of global events,2022-10-26T01:24:12Z,domenic
1291331679,whatwg/html,Where is the spec that actually defines where this is fired? HTML is a good place to put the updates,https://github.com/whatwg/html/pull/8433#issuecomment-1291331679,https://github.com/whatwg/html/pull/8433,add `scrollend` event details,2022-10-26T01:19:12Z,domenic
1291317085,whatwg/html,Again this kind of application-specific concern seems best done by using messages in the SSE protoco,https://github.com/whatwg/html/issues/8297#issuecomment-1291317085,https://github.com/whatwg/html/issues/8297,Last-Event-ID response if unavailable,2022-10-26T01:10:26Z,domenic
1291314238,whatwg/html,"As I stated, any message will keep the connection alive. If you would like to have your server commu",https://github.com/whatwg/html/issues/7571#issuecomment-1291314238,https://github.com/whatwg/html/issues/7571,Server-Sent Events (SSE) - add Keep-Alive Messages definition,2022-10-26T01:08:42Z,domenic
1291221559,w3ctag/design-reviews,"I'm thrilled by where this is going, having had to write an advanced popup component myself.  Has ",https://github.com/w3ctag/design-reviews/issues/743#issuecomment-1291221559,https://github.com/w3ctag/design-reviews/issues/743,The Popup API,2022-10-25T22:50:02Z,douglascross
1291172255,w3c/pointerevents,Did some tweaking/rewording,https://github.com/w3c/pointerevents/pull/458#issuecomment-1291172255,https://github.com/w3c/pointerevents/pull/458,Add a note and diagram to clarify legacy mouse pointer behavior.,2022-10-25T21:38:45Z,patrickhlauke
1291022288,whatwg/html,@annevk @domenic Any comments on this? I can propose a PR if this is considered a proper solution,https://github.com/whatwg/html/issues/8297#issuecomment-1291022288,https://github.com/whatwg/html/issues/8297,Last-Event-ID response if unavailable,2022-10-25T19:14:02Z,Tieske
1291019129,whatwg/html,"@domenic @annevk any comments on my proposal to add a header. If it is deemed a proper solution, I c",https://github.com/whatwg/html/issues/7571#issuecomment-1291019129,https://github.com/whatwg/html/issues/7571,Server-Sent Events (SSE) - add Keep-Alive Messages definition,2022-10-25T19:10:38Z,Tieske
1290852889,whatwg/html,> It looked like the OP was about changing the direction of progress/meter bars in absence of any in,https://github.com/whatwg/html/issues/8413#issuecomment-1290852889,https://github.com/whatwg/html/issues/8413,"Clarify value direction for elements ""progress"" and ""meter"" with vertical writing mode",2022-10-25T16:45:03Z,r12a
1290825839,whatwg/html,> @rniwa can you review the new parser bits? It seems many of the old comments are still outstanding,https://github.com/whatwg/html/pull/5465#issuecomment-1290825839,https://github.com/whatwg/html/pull/5465,Add declarative Shadow DOM features,2022-10-25T16:21:39Z,mfreed7
1290653197,w3ctag/design-reviews,Thanks!,https://github.com/w3ctag/design-reviews/pull/784#issuecomment-1290653197,https://github.com/w3ctag/design-reviews/pull/784,Typo fixes,2022-10-25T14:32:22Z,LeaVerou
1290652762,w3ctag/design-reviews,Thanks!,https://github.com/w3ctag/design-reviews/pull/783#issuecomment-1290652762,https://github.com/w3ctag/design-reviews/pull/783,Typo fix,2022-10-25T14:32:03Z,LeaVerou
1290556693,whatwg/html,"(Updated, @zcorpan‚Äînot sure what was going on.)",https://github.com/whatwg/html/pull/8415#issuecomment-1290556693,https://github.com/whatwg/html/pull/8415,fix: add values for `hidden`,2022-10-25T13:30:00Z,j9t
1290447833,whatwg/html,"@scottaohara, that‚Äôs probably cleanest. Would close this once #8415 is merged.",https://github.com/whatwg/html/issues/8414#issuecomment-1290447833,https://github.com/whatwg/html/issues/8414,`hidden` and `truespeed` in attributes overview,2022-10-25T12:13:21Z,j9t
1290446464,whatwg/html,"Thanks @zcorpan! Was looking for other cases, this was the best shot :)",https://github.com/whatwg/html/pull/8415#issuecomment-1290446464,https://github.com/whatwg/html/pull/8415,fix: add values for `hidden`,2022-10-25T12:12:06Z,j9t
1290430753,whatwg/html,"> I'm curious to know why you think this is not good practice (especially given that Blink, Gecko, a",https://github.com/whatwg/html/issues/8413#issuecomment-1290430753,https://github.com/whatwg/html/issues/8413,"Clarify value direction for elements ""progress"" and ""meter"" with vertical writing mode",2022-10-25T11:57:25Z,andreubotella
1290428678,whatwg/html,"> The direction CSS property isn't meant to change the direction of a progress bar, but to change th",https://github.com/whatwg/html/issues/8413#issuecomment-1290428678,https://github.com/whatwg/html/issues/8413,"Clarify value direction for elements ""progress"" and ""meter"" with vertical writing mode",2022-10-25T11:55:21Z,r12a
1290347676,webkit/standards-positions,Adding `concerns: integration` due to https://github.com/whatwg/html/issues/7233 still existing.,https://github.com/WebKit/standards-positions/issues/77#issuecomment-1290347676,https://github.com/WebKit/standards-positions/issues/77,CSS module scripts,2022-10-25T10:45:42Z,annevk
1290346701,whatwg/html,@j9t i had opened https://github.com/whatwg/html/issues/7881 for the `hidden` attribute needing to b,https://github.com/whatwg/html/issues/8414#issuecomment-1290346701,https://github.com/whatwg/html/issues/8414,`hidden` and `truespeed` in attributes overview,2022-10-25T10:44:43Z,scottaohara
1290234048,whatwg/html,"Pushed yet another rebase. As far as I can tell, this is blocked on @domenic at this point. Changes ",https://github.com/whatwg/html/pull/5339#issuecomment-1290234048,https://github.com/whatwg/html/pull/5339,JavaScript ShadowRealm proposal integration,2022-10-25T09:10:00Z,Ms2ger
1290163813,whatwg/dom,"I ended up creating a half dozen PRs against Fetch to try to resolve this, but there are quite a few",https://github.com/whatwg/dom/issues/1031#issuecomment-1290163813,https://github.com/whatwg/dom/issues/1031,Request for a different type of example of abort steps,2022-10-25T08:14:08Z,annevk
1289816235,whatwg/html,"> > Thanks! Does this approach sound reasonable to other folks? If so, I can try adding it to this P",https://github.com/whatwg/html/pull/5465#issuecomment-1289816235,https://github.com/whatwg/html/pull/5465,Add declarative Shadow DOM features,2022-10-25T00:30:45Z,mfreed7
1289762157,w3c/pointerevents,"I think this PR addresses the actual question of #454 (basically, that the exact sequence of when a ",https://github.com/w3c/pointerevents/pull/459#issuecomment-1289762157,https://github.com/w3c/pointerevents/pull/459,Expand explanation for compatibility mouse events,2022-10-24T23:12:18Z,patrickhlauke
1289561052,w3ctag/design-reviews,Unfortunately we don't have a recording for that session but the scribed minutes are here: https://w,https://github.com/w3ctag/design-reviews/issues/748#issuecomment-1289561052,https://github.com/w3ctag/design-reviews/issues/748,Shared Element Transitions API,2022-10-24T20:17:35Z,khushalsagar
1289381455,w3ctag/design-reviews,"note, we also have https://github.com/w3ctag/design-reviews/issues/588 for specific feature, after #",https://github.com/w3ctag/design-reviews/issues/782#issuecomment-1289381455,https://github.com/w3ctag/design-reviews/issues/782,WebXR Device API XRSession::enabledFeatures attribute (CR Delta),2022-10-24T17:50:08Z,himorin
1289360677,w3ctag/design-reviews,‰Ω†ÁöÑÈÇÆ‰ª∂ÊàëÂ∑≤Êî∂Âà∞ÔºåË∞¢,https://github.com/w3ctag/design-reviews/issues/734#issuecomment-1289360677,https://github.com/w3ctag/design-reviews/issues/734,Element.isVisible review,2022-10-24T17:29:45Z,jarhar
1289360337,w3ctag/design-reviews,"> We had some trouble following this, how does making the API async complicate this use case?  Con",https://github.com/w3ctag/design-reviews/issues/734#issuecomment-1289360337,https://github.com/w3ctag/design-reviews/issues/734,Element.isVisible review,2022-10-24T17:29:24Z,vmpstr
1289350269,w3ctag/design-reviews,"Thanks for the great F2F discussion just now. I think we better understand your concerns, which is h",https://github.com/w3ctag/design-reviews/issues/743#issuecomment-1289350269,https://github.com/w3ctag/design-reviews/issues/743,The Popup API,2022-10-24T17:19:57Z,mfreed7
1289324014,w3ctag/design-reviews,Thanks for the review!,https://github.com/w3ctag/design-reviews/issues/750#issuecomment-1289324014,https://github.com/w3ctag/design-reviews/issues/750,CSS Overflow for replaced elements,2022-10-24T16:55:15Z,khushalsagar
1289283092,w3ctag/design-reviews,"Hi there,  We looked at this today during a breakout and it looks good to us. Thank you for flying ",https://github.com/w3ctag/design-reviews/issues/750#issuecomment-1289283092,https://github.com/w3ctag/design-reviews/issues/750,CSS Overflow for replaced elements,2022-10-24T16:23:19Z,LeaVerou
1289278142,w3ctag/design-reviews,> The breakout session is on September 14 at 3 PST. Details are [here](https://www.w3.org/events/mee,https://github.com/w3ctag/design-reviews/issues/748#issuecomment-1289278142,https://github.com/w3ctag/design-reviews/issues/748,Shared Element Transitions API,2022-10-24T16:19:05Z,LeaVerou
1289275846,w3ctag/design-reviews,"> The reason this pattern is useful is the way `content-visibility: hidden`, for example, works: if ",https://github.com/w3ctag/design-reviews/issues/734#issuecomment-1289275846,https://github.com/w3ctag/design-reviews/issues/734,Element.isVisible review,2022-10-24T16:17:02Z,LeaVerou
1289224336,whatwg/html,@mfreed7 do you have opinions here?,https://github.com/whatwg/html/issues/8270#issuecomment-1289224336,https://github.com/whatwg/html/issues/8270,Default UA stylesheet for <select> as a listbox + optgroup + option,2022-10-24T15:38:13Z,zcorpan
1289057805,whatwg/html,"That's an interesting argument as there are already several attributes that uses WindowProxy in the ",https://github.com/whatwg/html/issues/8263#issuecomment-1289057805,https://github.com/whatwg/html/issues/8263,Correct the type of `opener` in Window object idl block description,2022-10-24T13:43:20Z,saschanaz
1288908478,whatwg/html,> > By reading the first chunk we assume that for the purposes for preloading the viewport attribute,https://github.com/whatwg/html/issues/8095#issuecomment-1288908478,https://github.com/whatwg/html/issues/8095,Update navigation's document creation to properly use fetch callbacks,2022-10-24T11:40:29Z,noamr
1288900995,whatwg/html,"> By reading the first chunk we assume that for the purposes for preloading the viewport attributes ",https://github.com/whatwg/html/issues/8095#issuecomment-1288900995,https://github.com/whatwg/html/issues/8095,Update navigation's document creation to properly use fetch callbacks,2022-10-24T11:33:29Z,domenic
1288890011,whatwg/html,"The `direction` CSS property isn't meant to change the direction of a progress bar, but to change th",https://github.com/whatwg/html/issues/8413#issuecomment-1288890011,https://github.com/whatwg/html/issues/8413,"Clarify value direction for elements ""progress"" and ""meter"" with vertical writing mode",2022-10-24T11:23:40Z,andreubotella
1288802905,whatwg/html,> This might not be so bad. We can just use [incrementally read](https://fetch.spec.whatwg.org/#body,https://github.com/whatwg/html/issues/8095#issuecomment-1288802905,https://github.com/whatwg/html/issues/8095,Update navigation's document creation to properly use fetch callbacks,2022-10-24T10:28:50Z,noamr
1288616608,whatwg/html,This might not be so bad. We can just use [incrementally read](https://fetch.spec.whatwg.org/#body-i,https://github.com/whatwg/html/issues/8095#issuecomment-1288616608,https://github.com/whatwg/html/issues/8095,Update navigation's document creation to properly use fetch callbacks,2022-10-24T08:20:00Z,domenic
1288527479,WICG/webcomponents,"üëçüèª with disclaimer to provide the namespace as value of `customregistry` attribute. When blank, it",https://github.com/WICG/webcomponents/issues/914#issuecomment-1288527479,https://github.com/WICG/webcomponents/issues/914,[scoped-registries] Interaction with declarative shadow DOM,2022-10-24T07:16:26Z,sashafirsov
1288505909,whatwg/html,Closing this issue as this must have been an error from [this document on Extensions](https://develo,https://github.com/whatwg/html/issues/8425#issuecomment-1288505909,https://github.com/whatwg/html/issues/8425,Can't reach https://html.spec.whatwg.org/multipage/webdatabase/,2022-10-24T06:55:50Z,madhaven
1288287508,whatwg/html,> has W3C written anything publicly about that yet? I can ºt find it but I could easily have missed s,https://github.com/whatwg/html/issues/1771#issuecomment-1288287508,https://github.com/whatwg/html/issues/1771,rb and rtc element should be removed from the list of obsolete features,2022-10-24T01:32:47Z,frivoal
1288254995,whatwg/html,"> `rp` is nearly the only (probably actually the only, but I'm rushed and don't want to scan down th",https://github.com/whatwg/html/issues/7590#issuecomment-1288254995,https://github.com/whatwg/html/issues/7590,Deprecate <rp> element,2022-10-24T00:44:20Z,samuelbradshaw
1288234417,whatwg/html,"WindowProxy is not a defined IDL type, so while implementations may use it for some sort of codegen,",https://github.com/whatwg/html/issues/8263#issuecomment-1288234417,https://github.com/whatwg/html/issues/8263,Correct the type of `opener` in Window object idl block description,2022-10-23T23:48:04Z,domenic
1288211819,whatwg/html,> Right now [ECMA-262 doesn‚Äôt really allow for this to occur](https://github.com/tc39/ecma262/issues,https://github.com/whatwg/html/issues/8421#issuecomment-1288211819,https://github.com/whatwg/html/issues/8421,"""Abort a running script"" doesn't abort function invocations",2022-10-23T22:08:08Z,andreubotella
1288209243,whatwg/html,It does makes it sound like the AOs must be on the (hypothetical) stack for the emptying-of-the-stac,https://github.com/whatwg/html/issues/8421#issuecomment-1288209243,https://github.com/whatwg/html/issues/8421,"""Abort a running script"" doesn't abort function invocations",2022-10-23T21:53:06Z,bathos
1288163818,whatwg/html,Note that there is https://github.com/web-platform-tests/wpt/blob/master/html/browsers/windows/auxil,https://github.com/whatwg/html/issues/8263#issuecomment-1288163818,https://github.com/whatwg/html/issues/8263,Correct the type of `opener` in Window object idl block description,2022-10-23T17:51:48Z,mathe42
1288155236,whatwg/html,"Oh, actually both WebKit and Blink has a custom setter behavior where random things are allowed to b",https://github.com/whatwg/html/issues/8263#issuecomment-1288155236,https://github.com/whatwg/html/issues/8263,Correct the type of `opener` in Window object idl block description,2022-10-23T17:03:25Z,saschanaz
1288153641,whatwg/html,"e690fe8d04a09f2cacc1618b6fdad27fc2fcecb6 changed it from WindowProxy to any, citing https://www.w3.o",https://github.com/whatwg/html/issues/8263#issuecomment-1288153641,https://github.com/whatwg/html/issues/8263,Correct the type of `opener` in Window object idl block description,2022-10-23T16:54:08Z,saschanaz
1288102746,whatwg/html,"Sorry to double-post, but looking into this more I also found w3c/whatwg-coord#14, where the W3C and",https://github.com/whatwg/html/issues/1771#issuecomment-1288102746,https://github.com/whatwg/html/issues/1771,rb and rtc element should be removed from the list of obsolete features,2022-10-23T12:34:04Z,dhouck
1288093660,whatwg/html,Even if Kindle and Firefox don ºt collectively count as multiple implementations for `rb` (~~which my,https://github.com/whatwg/html/issues/1771#issuecomment-1288093660,https://github.com/whatwg/html/issues/1771,rb and rtc element should be removed from the list of obsolete features,2022-10-23T11:45:48Z,dhouck
1288028754,whatwg/html,"The spec says that it's the ScriptEvaluation or Source Text Module Record Evaluate invocations that ",https://github.com/whatwg/html/issues/8421#issuecomment-1288028754,https://github.com/whatwg/html/issues/8421,"""Abort a running script"" doesn't abort function invocations",2022-10-23T06:55:02Z,andreubotella
1287989794,whatwg/html,> doesn't allow killing an invocation of a JS function  This seems false? The prose is pretty clea,https://github.com/whatwg/html/issues/8421#issuecomment-1287989794,https://github.com/whatwg/html/issues/8421,"""Abort a running script"" doesn't abort function invocations",2022-10-23T02:57:14Z,domenic
1287972675,whatwg/html,"Perfect that works, thank you! Yes ""networkException"" is good",https://github.com/whatwg/html/pull/8417#issuecomment-1287972675,https://github.com/whatwg/html/pull/8417,Fix HostResolveImportedModule's current realm handling,2022-10-23T01:39:19Z,networkException
1287804871,whatwg/html,This repository does not control any files on w3.org.,https://github.com/whatwg/html/issues/8418#issuecomment-1287804871,https://github.com/whatwg/html/issues/8418,Deprecated elements in HTML5; Elementos obsoletos na HTML5,2022-10-22T14:13:29Z,domenic
1287758120,webkit/standards-positions,"`from:` is supposed to reflect which entity is driving the work. I think Google is accurate here. ",https://github.com/WebKit/standards-positions/issues/35#issuecomment-1287758120,https://github.com/WebKit/standards-positions/issues/35,HTTP response status code in Resource Timing,2022-10-22T10:45:42Z,annevk
1287647897,whatwg/html,"OK, this is looking good! #8174 got merged and I merged the changes into here, so this is good to go",https://github.com/whatwg/html/pull/8199#issuecomment-1287647897,https://github.com/whatwg/html/pull/8199,Implement dialog initial focus proposal,2022-10-22T06:40:05Z,domenic
1287642875,whatwg/html,"OK, I think I see the problem. We should basically invert the flow, and only look up the current set",https://github.com/whatwg/html/issues/8410#issuecomment-1287642875,https://github.com/whatwg/html/issues/8410,Module script linking does not push realm execution context required in HostResolveImportedModule,2022-10-22T06:10:49Z,domenic
1287642177,whatwg/html,"@domenic  Thanks, I did not notice it before.  I assumed you might migrate the old documentation be",https://github.com/whatwg/html/issues/8416#issuecomment-1287642177,https://github.com/whatwg/html/issues/8416,Missing the the process of form data,2022-10-22T06:08:15Z,chucklu
1287641533,whatwg/html,It's right there: https://html.spec.whatwg.org/#form-submission-algorithm,https://github.com/whatwg/html/issues/8416#issuecomment-1287641533,https://github.com/whatwg/html/issues/8416,Missing the the process of form data,2022-10-22T06:03:44Z,domenic
1287640935,whatwg/html,My question the new documentation does not explain how the form submission work  Step one: Identify,https://github.com/whatwg/html/issues/8416#issuecomment-1287640935,https://github.com/whatwg/html/issues/8416,Missing the the process of form data,2022-10-22T05:59:55Z,chucklu
1287640433,whatwg/html,"I don't understand what this is asking, but in general, we have nothing to do with the old HTML 4.01",https://github.com/whatwg/html/issues/8416#issuecomment-1287640433,https://github.com/whatwg/html/issues/8416,Missing the the process of form data,2022-10-22T05:55:45Z,domenic
1287180112,whatwg/html,"Ah ok, yes I mean that there's no current realm when HostResolveImportedModule gets called while lin",https://github.com/whatwg/html/issues/8410#issuecomment-1287180112,https://github.com/whatwg/html/issues/8410,Module script linking does not push realm execution context required in HostResolveImportedModule,2022-10-21T16:21:36Z,networkException
1287126272,whatwg/html,> See [MicrosoftEdge/MSEdgeExplainers#438](https://github.com/MicrosoftEdge/MSEdgeExplainers/issues/,https://github.com/whatwg/html/issues/7785#issuecomment-1287126272,https://github.com/whatwg/html/issues/7785,New feature proposal: Popup API,2022-10-21T15:31:14Z,mfreed7
1287114581,whatwg/html,"> > Since hidePopUp() may wait for animations to finish, should it return a promise? >  > @mfreed7",https://github.com/whatwg/html/pull/8221#issuecomment-1287114581,https://github.com/whatwg/html/pull/8221,Add pop-up feature,2022-10-21T15:21:07Z,mfreed7
1286721874,whatwg/html,"See https://github.com/MicrosoftEdge/MSEdgeExplainers/issues/438 for the initial naming issue, which",https://github.com/whatwg/html/issues/7785#issuecomment-1286721874,https://github.com/whatwg/html/issues/7785,New feature proposal: Popup API,2022-10-21T09:48:39Z,tomayac
1286702051,whatwg/html,"The empty string is not mentioned for other enumerated attributes that allow the empty string (only ",https://github.com/whatwg/html/pull/8415#issuecomment-1286702051,https://github.com/whatwg/html/pull/8415,fix: add values for `hidden`,2022-10-21T09:29:41Z,zcorpan
1286677156,whatwg/html,Thanks @domenic‚Äîmakes sense.  I prepared #8415 as a suggested update for `hidden`.,https://github.com/whatwg/html/issues/8414#issuecomment-1286677156,https://github.com/whatwg/html/issues/8414,`hidden` and `truespeed` in attributes overview,2022-10-21T09:06:16Z,j9t
1286660098,webkit/standards-positions,"Hey @othermaciej, I was curious about the `from:Google` label for this. This was added in response ",https://github.com/WebKit/standards-positions/issues/35#issuecomment-1286660098,https://github.com/WebKit/standards-positions/issues/35,HTTP response status code in Resource Timing,2022-10-21T08:50:36Z,abinpaul1
1286623799,whatwg/html,1) is definitely a mistake; thanks for catching this!  The intention is to not include obsolete no,https://github.com/whatwg/html/issues/8414#issuecomment-1286623799,https://github.com/whatwg/html/issues/8414,`hidden` and `truespeed` in attributes overview,2022-10-21T08:17:14Z,domenic
1286366964,whatwg/html,"> We can, of course, rename the feature. And teach developers to use the new name for this kind of p",https://github.com/whatwg/html/issues/7785#issuecomment-1286366964,https://github.com/whatwg/html/issues/7785,New feature proposal: Popup API,2022-10-21T02:12:11Z,gregwhitworth
1286352785,whatwg/html,"> Yeah, I think both are problematic. >  > (I'm also not really sure why you are asking me to defe",https://github.com/whatwg/html/issues/7785#issuecomment-1286352785,https://github.com/whatwg/html/issues/7785,New feature proposal: Popup API,2022-10-21T01:48:13Z,mfreed7
1286331930,whatwg/html,"I don't quite understand. Note that every realm, ever, has a [[HostDefined]] field with an environme",https://github.com/whatwg/html/issues/8410#issuecomment-1286331930,https://github.com/whatwg/html/issues/8410,Module script linking does not push realm execution context required in HostResolveImportedModule,2022-10-21T01:10:37Z,domenic
1286273230,whatwg/html,> (I'm also not really sure why you are asking me to defend consistent naming. It's an established p,https://github.com/whatwg/html/issues/7785#issuecomment-1286273230,https://github.com/whatwg/html/issues/7785,New feature proposal: Popup API,2022-10-20T23:33:26Z,gregwhitworth
1286207321,WICG/webcomponents,Somewhat related: `ElementInternals` and IDREFs https://github.com/WICG/webcomponents/issues/974,https://github.com/WICG/webcomponents/issues/972#issuecomment-1286207321,https://github.com/WICG/webcomponents/issues/972,Interaction between ElementInternals (e.g. default ARIA) and declarative shadow DOM,2022-10-20T22:03:19Z,nolanlawson
1286196391,WICG/webcomponents,"Today in the AOM meeting we discussed (4) ‚Äì i.e., should the `ElementInternals` attribute (whether m",https://github.com/WICG/webcomponents/issues/972#issuecomment-1286196391,https://github.com/WICG/webcomponents/issues/972,Interaction between ElementInternals (e.g. default ARIA) and declarative shadow DOM,2022-10-20T21:50:24Z,nolanlawson
1285822407,webkit/standards-positions,"Putting aside the version of privacypass that Trust Token wraps, does Apple have a position on expos",https://github.com/WebKit/standards-positions/issues/72#issuecomment-1285822407,https://github.com/WebKit/standards-positions/issues/72,Trust Token API,2022-10-20T16:14:48Z,dvorak42
1285697469,mozilla/standards-positions,"No that's quite helpful, thanks.",https://github.com/mozilla/standards-positions/issues/700#issuecomment-1285697469,https://github.com/mozilla/standards-positions/issues/700,ECMAScript Decorators,2022-10-20T15:00:56Z,bennypowers
1285690566,mozilla/standards-positions,"Hi @bennypowers -- As you mention, Decorators are at stage 3 at TC39. We are quite involved in TC39 ",https://github.com/mozilla/standards-positions/issues/700#issuecomment-1285690566,https://github.com/mozilla/standards-positions/issues/700,ECMAScript Decorators,2022-10-20T14:57:03Z,codehag
1285657128,whatwg/html,"`<ellipse>` is always a whole ellipse, i.e it doesn't have to deal with *startAngle* and *endAngle*.",https://github.com/whatwg/html/issues/8408#issuecomment-1285657128,https://github.com/whatwg/html/issues/8408,Canvas2D `ellipse()` specs seem to be broken,2022-10-20T14:34:29Z,Kaiido
1285601955,whatwg/html,Reusing language from https://svgwg.org/svg2-draft/shapes.html#EllipseElement might make sense here.,https://github.com/whatwg/html/issues/8408#issuecomment-1285601955,https://github.com/whatwg/html/issues/8408,Canvas2D `ellipse()` specs seem to be broken,2022-10-20T14:02:40Z,annevk
1285395339,webkit/standards-positions,"CSS module scripts would be a separate topic and therefore issue, yes.",https://github.com/WebKit/standards-positions/issues/42#issuecomment-1285395339,https://github.com/WebKit/standards-positions/issues/42,Constructable Stylesheet Objects (including adoptedStyleSheets),2022-10-20T11:53:19Z,annevk
1285232517,webkit/standards-positions,"In version 156 of Safari Tech Preview, this is implemented. But there is a lack of support for [Imp",https://github.com/WebKit/standards-positions/issues/42#issuecomment-1285232517,https://github.com/WebKit/standards-positions/issues/42,Constructable Stylesheet Objects (including adoptedStyleSheets),2022-10-20T09:37:40Z,uasan
1285124752,whatwg/webidl,"@annevk Just to be safe since it‚Äôs so close to Halloween, I [made a page](https://confirmed-big-petu",https://github.com/whatwg/webidl/issues/432#issuecomment-1285124752,https://github.com/whatwg/webidl/issues/432,Enumeration order of interface members,2022-10-20T08:17:27Z,bathos
1285108715,whatwg/webidl,"Things that might be hard for implementations:  - Interleaving attributes, operations, and constan",https://github.com/whatwg/webidl/issues/432#issuecomment-1285108715,https://github.com/whatwg/webidl/issues/432,Enumeration order of interface members,2022-10-20T08:03:35Z,domenic
1285091751,whatwg/webidl,"Ooh nice work, I guess that means we should give up on ARC-ORDER at least and in theory could think ",https://github.com/whatwg/webidl/issues/432#issuecomment-1285091751,https://github.com/whatwg/webidl/issues/432,Enumeration order of interface members,2022-10-20T07:48:37Z,annevk
1285042088,whatwg/html,"Yeah, I think both are problematic.  (I'm also not really sure why you are asking me to defend con",https://github.com/whatwg/html/issues/7785#issuecomment-1285042088,https://github.com/whatwg/html/issues/7785,New feature proposal: Popup API,2022-10-20T07:02:31Z,annevk
1285019029,webkit/standards-positions,"Webcompat üí° hat on. (not a standard position)  I can identify issues as currently defined, but ha",https://github.com/WebKit/standards-positions/issues/59#issuecomment-1285019029,https://github.com/WebKit/standards-positions/issues/59,Deprecation Reporting,2022-10-20T06:39:31Z,karlcow
1284885801,whatwg/webidl,"Ah, never mind them üòä Having a look at #1211. ",https://github.com/whatwg/webidl/issues/1223#issuecomment-1284885801,https://github.com/whatwg/webidl/issues/1223,What's the idiomatic way to reject a promise with structured data?,2022-10-20T03:53:57Z,marcoscaceres
1284791335,whatwg/webidl,"> I tend to see it as only two levels, name and responseCode. At least without cross-global instance",https://github.com/whatwg/webidl/issues/1219#issuecomment-1284791335,https://github.com/whatwg/webidl/issues/1219,What to do about specs that need lots of error types,2022-10-20T01:42:20Z,domenic
1284781873,whatwg/webidl,I've updated this to reflect all of the discussion so far. It is blocked by https://github.com/plins,https://github.com/whatwg/webidl/pull/1211#issuecomment-1284781873,https://github.com/whatwg/webidl/pull/1211,Allow DOMException subclasses to be used as exceptions,2022-10-20T01:31:29Z,domenic
1284762303,whatwg/webidl,Good timing! We are adding a pattern exactly for this case in https://github.com/whatwg/webidl/pull/,https://github.com/whatwg/webidl/issues/1223#issuecomment-1284762303,https://github.com/whatwg/webidl/issues/1223,What's the idiomatic way to reject a promise with structured data?,2022-10-20T01:14:45Z,domenic
1284656230,whatwg/html,"I thought @annevk's concern was not with the hyphen vs. not, but with the idea that ""popup"" as it is",https://github.com/whatwg/html/issues/7785#issuecomment-1284656230,https://github.com/whatwg/html/issues/7785,New feature proposal: Popup API,2022-10-19T22:57:02Z,domenic
1284648154,whatwg/webidl,"There are no existing examples of this problem, which is why it's slipped by us so far. This got fil",https://github.com/whatwg/webidl/issues/1221#issuecomment-1284648154,https://github.com/whatwg/webidl/issues/1221,No support about @@unscopables inheritance,2022-10-19T22:44:35Z,domenic
1284608389,whatwg/webidl,"I'm not sure how unique this is in the platform, but this seems to layer two problems:   1. a pote",https://github.com/whatwg/webidl/issues/1223#issuecomment-1284608389,https://github.com/whatwg/webidl/issues/1223,What's the idiomatic way to reject a promise with structured data?,2022-10-19T21:47:25Z,marcoscaceres
1284551725,whatwg/webidl,"Nice, thanks for the links/context!  > That demo no longer seems to work in every browser.  Yep,",https://github.com/whatwg/webidl/issues/432#issuecomment-1284551725,https://github.com/whatwg/webidl/issues/432,Enumeration order of interface members,2022-10-19T20:44:07Z,bathos
1284527717,whatwg/html,"> Yeah, the IDL attribute would have to be `popup`. It still strikes me as somewhat bad to have a fe",https://github.com/whatwg/html/issues/7785#issuecomment-1284527717,https://github.com/whatwg/html/issues/7785,New feature proposal: Popup API,2022-10-19T20:19:56Z,mfreed7
1284448815,webkit/standards-positions,"> No, it's still under discussion.  Ok, makes sense, thanks! But in that case, I think we should w",https://github.com/WebKit/standards-positions/issues/74#issuecomment-1284448815,https://github.com/WebKit/standards-positions/issues/74,The Pop-Up API,2022-10-19T19:02:53Z,mfreed7
1284364939,w3ctag/design-reviews,This is available in Chrome without a flag since 104. A partner requested this functionality when in,https://github.com/w3ctag/design-reviews/issues/767#issuecomment-1284364939,https://github.com/w3ctag/design-reviews/issues/767,Early Design Review of Multi-Screen Window Placement on the Web - Initiating Multi-Screen Experiences,2022-10-19T17:44:22Z,michaelwasserman
1284321495,whatwg/html,"Yeah, the IDL attribute would have to be `popup`. It still strikes me as somewhat bad to have a feat",https://github.com/whatwg/html/issues/7785#issuecomment-1284321495,https://github.com/whatwg/html/issues/7785,New feature proposal: Popup API,2022-10-19T17:06:42Z,annevk
1284319322,webkit/standards-positions,"No, it's still under discussion.",https://github.com/WebKit/standards-positions/issues/74#issuecomment-1284319322,https://github.com/WebKit/standards-positions/issues/74,The Pop-Up API,2022-10-19T17:04:45Z,annevk
1284295613,whatwg/html,"> E.g., we spell it `allow-popups-to-escape-sandbox` not `allow-pop-ups-to-escape-sandbox`. I think ",https://github.com/whatwg/html/issues/7785#issuecomment-1284295613,https://github.com/whatwg/html/issues/7785,New feature proposal: Popup API,2022-10-19T16:43:55Z,mfreed7
1284270804,whatwg/dom,"FWIW, I've implemented this new behavior in https://commits.webkit.org/252098@main",https://github.com/whatwg/dom/pull/819#issuecomment-1284270804,https://github.com/whatwg/dom/pull/819,"Adoption and DocumentFragment, part two",2022-10-19T16:22:26Z,rniwa
1284236599,webkit/standards-positions,> As raised in [whatwg/html#7785 (comment)](https://github.com/whatwg/html/issues/7785#issuecomment-,https://github.com/WebKit/standards-positions/issues/74#issuecomment-1284236599,https://github.com/WebKit/standards-positions/issues/74,The Pop-Up API,2022-10-19T15:56:01Z,mfreed7
1284223847,whatwg/webidl,"I tend to see it as only two levels, name and responseCode. At least without cross-global instanceof",https://github.com/whatwg/webidl/issues/1219#issuecomment-1284223847,https://github.com/whatwg/webidl/issues/1219,What to do about specs that need lots of error types,2022-10-19T15:46:42Z,annevk
1284209545,w3ctag/design-reviews,Hi @ekline just FYI we're looking at this and we hope to get back to you soon.,https://github.com/w3ctag/design-reviews/issues/774#issuecomment-1284209545,https://github.com/w3ctag/design-reviews/issues/774,updated URI syntax for IPv6 link-local zone identifiers,2022-10-19T15:36:09Z,torgo
1284187082,whatwg/html,It looks like these changes are likely to land relatively soon with another PR; dropping this one.,https://github.com/whatwg/html/pull/8233#issuecomment-1284187082,https://github.com/whatwg/html/pull/8233,Add missing parameters to 'Create the navigation timing entry'.,2022-10-19T15:22:09Z,jeremyroman
1284186165,w3ctag/design-reviews,Hi @michaelwasserman the chrome status for this says shipped in 104. Does that mean it's shipping or,https://github.com/w3ctag/design-reviews/issues/767#issuecomment-1284186165,https://github.com/w3ctag/design-reviews/issues/767,Early Design Review of Multi-Screen Window Placement on the Web - Initiating Multi-Screen Experiences,2022-10-19T15:21:30Z,torgo
1284055232,whatwg/html,"Hi Domenic, we've run into an issue with `history.pushState()` in Safari on iOS, when calls are made",https://github.com/whatwg/html/issues/7832#issuecomment-1284055232,https://github.com/whatwg/html/issues/7832,Specify back button history-entry skipping?,2022-10-19T13:53:40Z,croxton
1284035047,whatwg/html,"> > Is ""focused area of the document"" always an element? The rest of the spec is written as if it mi",https://github.com/whatwg/html/pull/8221#issuecomment-1284035047,https://github.com/whatwg/html/pull/8221,Add pop-up feature,2022-10-19T13:39:49Z,foolip
1283965533,whatwg/webidl,I don't think we have a lot of other things to base this choice on. I personally find the second sol,https://github.com/whatwg/webidl/issues/1221#issuecomment-1283965533,https://github.com/whatwg/webidl/issues/1221,No support about @@unscopables inheritance,2022-10-19T12:50:45Z,petervanderbeken
1283953366,whatwg/webidl,"Oh right, what would be a good example then?",https://github.com/whatwg/webidl/issues/1221#issuecomment-1283953366,https://github.com/whatwg/webidl/issues/1221,No support about @@unscopables inheritance,2022-10-19T12:40:47Z,annevk
1283947990,whatwg/webidl,"But `HTMLAnchorElement.prototype` doesn't have an own `Symbol.unscopables` property, the relevant pr",https://github.com/whatwg/webidl/issues/1221#issuecomment-1283947990,https://github.com/whatwg/webidl/issues/1221,No support about @@unscopables inheritance,2022-10-19T12:36:37Z,petervanderbeken
1283943904,webkit/standards-positions,As raised in https://github.com/whatwg/html/issues/7785#issuecomment-1267233535 I don't think pop-up,https://github.com/WebKit/standards-positions/issues/74#issuecomment-1283943904,https://github.com/WebKit/standards-positions/issues/74,The Pop-Up API,2022-10-19T12:34:04Z,annevk
1283933690,whatwg/html,I think this is already covered:  > The [width](https://html.spec.whatwg.org/multipage/embedded-co,https://github.com/whatwg/html/issues/8178#issuecomment-1283933690,https://github.com/whatwg/html/issues/8178,The missing property values of width/height attributes on source elements,2022-10-19T12:28:48Z,annevk
1283910938,whatwg/webidl,"Well yes, but it's mixed into `Element`, which `HTMLAnchorElement` for instance inherits from. In We",https://github.com/whatwg/webidl/issues/1221#issuecomment-1283910938,https://github.com/whatwg/webidl/issues/1221,No support about @@unscopables inheritance,2022-10-19T12:09:57Z,annevk
1283903718,whatwg/webidl,"`ParentNode` is a mixin, there's no inheritance relationship and the members are effectively ""copied",https://github.com/whatwg/webidl/issues/1221#issuecomment-1283903718,https://github.com/whatwg/webidl/issues/1221,No support about @@unscopables inheritance,2022-10-19T12:05:02Z,petervanderbeken
1283895801,whatwg/webidl,"What happens in engines today? E.g., with https://dom.spec.whatwg.org/#parentnode?",https://github.com/whatwg/webidl/issues/1221#issuecomment-1283895801,https://github.com/whatwg/webidl/issues/1221,No support about @@unscopables inheritance,2022-10-19T11:57:50Z,annevk
1283894576,whatwg/html,Thanks for all the advice here; I'll close this for now because after further discussion the API sha,https://github.com/whatwg/html/pull/8382#issuecomment-1283894576,https://github.com/whatwg/html/pull/8382,"Export the definition for ""completely loaded""",2022-10-19T11:56:49Z,cbiesinger
1283734301,whatwg/webidl,Not sure. You can search for ARC-ORDER in the HTML standard's `source` and find https://bugzilla.moz,https://github.com/whatwg/webidl/issues/432#issuecomment-1283734301,https://github.com/whatwg/webidl/issues/432,Enumeration order of interface members,2022-10-19T09:53:02Z,annevk
1283715300,whatwg/html,"A related case: Download a dynamic file from server. Server needs some time to generate the file. ",https://github.com/whatwg/html/issues/4148#issuecomment-1283715300,https://github.com/whatwg/html/issues/4148,Download API,2022-10-19T09:37:44Z,woody-li
1283597164,w3ctag/design-reviews,"Hi @caribouW3, @tguild,  The explainer is very high level and provides useful background, but I'm ",https://github.com/w3ctag/design-reviews/issues/768#issuecomment-1283597164,https://github.com/w3ctag/design-reviews/issues/768,VISS (Vehicle Information Service Specification) 2 Core and VISS 2 Transport,2022-10-19T08:05:42Z,rhiaro
1283472442,w3c/clipboard-apis,"Hello @rniwa ,  is there a way to resolve the debate about `public.*` UTIs that originated from ot",https://github.com/w3c/clipboard-apis/issues/141#issuecomment-1283472442,https://github.com/w3c/clipboard-apis/issues/141,supported type should include MathML types,2022-10-19T06:00:14Z,polx
1283454547,whatwg/html,> It adds an event listener and the listener then queues an event:  Ah right. So to see observable,https://github.com/whatwg/html/pull/8382#issuecomment-1283454547,https://github.com/whatwg/html/pull/8382,"Export the definition for ""completely loaded""",2022-10-19T05:34:18Z,domenic
1283449684,whatwg/webidl,Does anyone know if there‚Äôs been any further ‚Äúnews‚Äù on this front since this issue last got discusse,https://github.com/whatwg/webidl/issues/432#issuecomment-1283449684,https://github.com/whatwg/webidl/issues/432,Enumeration order of interface members,2022-10-19T05:27:11Z,bathos
1283407793,whatwg/html,"I'll merge this now!  I did notice that, by putting the return-if-over-100K line inside the ""If th",https://github.com/whatwg/html/pull/8347#issuecomment-1283407793,https://github.com/whatwg/html/pull/8347,Specify a limit in HTMLOptionsCollection.length setter.,2022-10-19T04:26:31Z,domenic
1283405800,whatwg/webidl,"I agree this is an issue.  As discussed with @yuki3 in person, there are two solutions: we could m",https://github.com/whatwg/webidl/issues/1221#issuecomment-1283405800,https://github.com/whatwg/webidl/issues/1221,No support about @@unscopables inheritance,2022-10-19T04:23:40Z,domenic
1283232439,whatwg/html,> I have posted a spec PR for this at #7816 and hope we can proceed with the removal in Chromium soo,https://github.com/whatwg/html/issues/387#issuecomment-1283232439,https://github.com/whatwg/html/issues/387,"`<object>` without ""data"" attribute probably needs to consider params to figure out its URL",2022-10-19T01:18:07Z,mfreed7
1283140829,whatwg/notifications,"Hi, Peter! We have taken into account your feedback and updated the [explainer](https://github.com/M",https://github.com/whatwg/notifications/issues/183#issuecomment-1283140829,https://github.com/whatwg/notifications/issues/183,Customization Extension for Calling Scenarios,2022-10-18T23:39:40Z,gabrielsanbrito
1283125674,WICG/webcomponents,"+1, in the polyfill I used a global stack to communicate the registry to the `super()`, but storing ",https://github.com/WICG/webcomponents/issues/969#issuecomment-1283125674,https://github.com/WICG/webcomponents/issues/969,[scoped-registries] Interaction with HTML element's overridden constructor steps,2022-10-18T23:19:04Z,kevinpschaaf
1283105584,w3ctag/design-reviews,@torgo Thanks for your review! I'll move the explainer to https://github.com/WebAudio/web-audio-api.,https://github.com/w3ctag/design-reviews/issues/766#issuecomment-1283105584,https://github.com/w3ctag/design-reviews/issues/766,Output Device Selection in Web Audio API: AudioContext.setSinkId(),2022-10-18T22:59:50Z,hoch
1282620445,whatwg/html,Just a nod to a user-land thing I built that might be helpful to mention here as prior art?  * htt,https://github.com/whatwg/html/issues/8401#issuecomment-1282620445,https://github.com/whatwg/html/issues/8401,"Add media attribute to details element, to restrict when it can be collapsed",2022-10-18T15:53:18Z,zachleat
1282605608,whatwg/html,"> > I don't understand why defer scripts would affect this, but perhaps I did not follow all the ste",https://github.com/whatwg/html/pull/8382#issuecomment-1282605608,https://github.com/whatwg/html/pull/8382,"Export the definition for ""completely loaded""",2022-10-18T15:44:07Z,cbiesinger
1282535215,webkit/standards-positions,"@othermaciej could you please expand on the privacy and security concerns?  ---  I think an API ",https://github.com/WebKit/standards-positions/issues/59#issuecomment-1282535215,https://github.com/WebKit/standards-positions/issues/59,Deprecation Reporting,2022-10-18T15:00:26Z,annevk
1282411392,w3ctag/design-reviews,"DXWG replies are tracked by  https://github.com/w3c/dxwg/issues/1530 ",https://github.com/w3ctag/design-reviews/issues/758#issuecomment-1282411392,https://github.com/w3ctag/design-reviews/issues/758,TAG review of Data Catalog Vocabulary (DCAT) - Version 3,2022-10-18T13:44:24Z,riccardoAlbertoni
1282373994,webkit/standards-positions,Chatting with colleagues it seems everyone thinks this is a reasonable addition. As such I suggest w,https://github.com/WebKit/standards-positions/issues/67#issuecomment-1282373994,https://github.com/WebKit/standards-positions/issues/67,"Curve25519 in WebCrypto ",2022-10-18T13:18:44Z,annevk
1282354886,webkit/standards-positions,As of https://github.com/WebKit/WebKit/commit/5de6ac49fed803ece2e682ac65c9b6d095e2e05b this is imple,https://github.com/WebKit/standards-positions/issues/42#issuecomment-1282354886,https://github.com/WebKit/standards-positions/issues/42,Constructable Stylesheet Objects (including adoptedStyleSheets),2022-10-18T13:04:30Z,annevk
1282299891,webkit/standards-positions,"(While that's probably fine in this case, we might implement something we're opposed to as a project",https://github.com/WebKit/standards-positions/issues/75#issuecomment-1282299891,https://github.com/WebKit/standards-positions/issues/75,CSS lh and rlh units,2022-10-18T12:23:29Z,annevk
1282287125,webkit/standards-positions,"I'm just gonna go ahead and label this with ""support"" given we've already implemented it, and it got",https://github.com/WebKit/standards-positions/issues/75#issuecomment-1282287125,https://github.com/WebKit/standards-positions/issues/75,CSS lh and rlh units,2022-10-18T12:12:33Z,gsnedders
1282285020,webkit/standards-positions,"As mentioned earlier, the quest browser is exposing haptics and they're use quite a bit by developer",https://github.com/WebKit/standards-positions/issues/1#issuecomment-1282285020,https://github.com/WebKit/standards-positions/issues/1,Gamepad API Trigger-Rumble Haptics Extension,2022-10-18T12:10:43Z,cabanier
1282276019,w3ctag/design-reviews,"> Yeah, this has been a minor concern of mine as well. It might be worth making both counter names a",https://github.com/w3ctag/design-reviews/issues/730#issuecomment-1282276019,https://github.com/w3ctag/design-reviews/issues/730,Early design review: CSS Toggles,2022-10-18T12:03:03Z,yisibl
1282266977,webkit/standards-positions,[This comment by Ehsan](https://github.com/mozilla/standards-positions/issues/94#issuecomment-496973,https://github.com/WebKit/standards-positions/issues/36#issuecomment-1282266977,https://github.com/WebKit/standards-positions/issues/36,Cookie Store API,2022-10-18T11:55:16Z,annevk
1282257294,webkit/standards-positions,"I think we are supportive, this allows exposing OS supported features in a flexible enough way to co",https://github.com/WebKit/standards-positions/issues/5#issuecomment-1282257294,https://github.com/WebKit/standards-positions/issues/5,MediaTrackSupportedConstraints.backgroundBlur,2022-10-18T11:46:41Z,youennf
1282251700,webkit/standards-positions,"Apologies for the late follow-up, but this is something we're supportive of. I suggest we add the ""p",https://github.com/WebKit/standards-positions/issues/7#issuecomment-1282251700,https://github.com/WebKit/standards-positions/issues/7,Deprecating Non-ASCII characters in cookie domain attributes,2022-10-18T11:41:40Z,annevk
1282036741,whatwg/html,"Note that #8233 should also be closed at that point. (Or we could close it now, I'll leave that up t",https://github.com/whatwg/html/pull/7722#issuecomment-1282036741,https://github.com/whatwg/html/pull/7722,Editorial: refactor to depend on automatic timing reporting from fetch,2022-10-18T08:49:58Z,annevk
1282030326,w3ctag/design-reviews,@yutakahirano Ok we're happy to close this on that basis. For reference: I think you do need to spen,https://github.com/w3ctag/design-reviews/issues/754#issuecomment-1282030326,https://github.com/w3ctag/design-reviews/issues/754,Fetch streaming upload,2022-10-18T08:45:06Z,torgo
1282022620,w3ctag/design-reviews,Hi @hemeryar first our apologies for taking so long to get you feedback on this review. After review,https://github.com/w3ctag/design-reviews/issues/760#issuecomment-1282022620,https://github.com/w3ctag/design-reviews/issues/760,COOP: restrict-properties early review,2022-10-18T08:39:33Z,torgo
1282012109,w3ctag/design-reviews,Hi @anssiko just to let you know we're working on getting you feedback here this week.,https://github.com/w3ctag/design-reviews/issues/771#issuecomment-1282012109,https://github.com/w3ctag/design-reviews/issues/771,Delta review (to CR) of Web Neural Network API,2022-10-18T08:32:24Z,torgo
1281994986,w3ctag/design-reviews,Thanks for this review request. We're happy to see this move forward and we're especially glad to se,https://github.com/w3ctag/design-reviews/issues/766#issuecomment-1281994986,https://github.com/w3ctag/design-reviews/issues/766,Output Device Selection in Web Audio API: AudioContext.setSinkId(),2022-10-18T08:19:15Z,torgo
1281937835,whatwg/html,> The 4 bullet points make the test as it is correct.  Nothing says that clicking a label should c,https://github.com/whatwg/html/issues/8399#issuecomment-1281937835,https://github.com/whatwg/html/issues/8399,Undefined behaviour when clicking a label which inside modal dialog that activates the form control,2022-10-18T07:34:18Z,smaug----
1281682971,whatwg/html,"> I don't understand why defer scripts would affect this, but perhaps I did not follow all the steps",https://github.com/whatwg/html/pull/8382#issuecomment-1281682971,https://github.com/whatwg/html/pull/8382,"Export the definition for ""completely loaded""",2022-10-18T01:11:05Z,domenic
1281670709,mozilla/standards-positions,"Marked as positive, but not much point in putting something this granular on the dashboard.",https://github.com/mozilla/standards-positions/issues/697#issuecomment-1281670709,https://github.com/mozilla/standards-positions/issues/697,Conditional Focus,2022-10-18T00:46:26Z,martinthomson
1281635511,mozilla/standards-positions,"I'm supportive of this API, and after internal solicitation received no objections.",https://github.com/mozilla/standards-positions/issues/697#issuecomment-1281635511,https://github.com/mozilla/standards-positions/issues/697,Conditional Focus,2022-10-17T23:43:32Z,jan-ivar
1281527966,whatwg/html,"per my PR @nt1m, that specific bit of the text indicating that the element(s) become ""disabled"" is c",https://github.com/whatwg/html/issues/8399#issuecomment-1281527966,https://github.com/whatwg/html/issues/8399,Undefined behaviour when clicking a label which inside modal dialog that activates the form control,2022-10-17T21:37:32Z,scottaohara
1281514685,whatwg/html,"That said, I believe I still need this definition to be exported (i.e. this PR merged) so I can know",https://github.com/whatwg/html/pull/8382#issuecomment-1281514685,https://github.com/whatwg/html/pull/8382,"Export the definition for ""completely loaded""",2022-10-17T21:24:54Z,cbiesinger
1281511644,whatwg/html,"If updating the HTML spec in that way is an option, I agree that that would be better. (Though imple",https://github.com/whatwg/html/pull/8382#issuecomment-1281511644,https://github.com/whatwg/html/pull/8382,"Export the definition for ""completely loaded""",2022-10-17T21:21:52Z,cbiesinger
1281483620,whatwg/html,"For text inputs, the note says inert elements cannot be focused, so that does mean clicking the labe",https://github.com/whatwg/html/issues/8399#issuecomment-1281483620,https://github.com/whatwg/html/issues/8399,Undefined behaviour when clicking a label which inside modal dialog that activates the form control,2022-10-17T20:55:23Z,nt1m
1281482181,whatwg/html,Looking at the spec for inert: https://html.spec.whatwg.org/multipage/interaction.html#inert-subtree,https://github.com/whatwg/html/issues/8399#issuecomment-1281482181,https://github.com/whatwg/html/issues/8399,Undefined behaviour when clicking a label which inside modal dialog that activates the form control,2022-10-17T20:53:51Z,nt1m
1281468256,whatwg/html,"And clicking on label element triggering a click on some other element is undefined in general, or r",https://github.com/whatwg/html/issues/8399#issuecomment-1281468256,https://github.com/whatwg/html/issues/8399,Undefined behaviour when clicking a label which inside modal dialog that activates the form control,2022-10-17T20:40:05Z,smaug----
1281436864,whatwg/html,using measuretext to measure text on canvas using a variable font is among the concrete needs people,https://github.com/whatwg/html/issues/3571#issuecomment-1281436864,https://github.com/whatwg/html/issues/3571,OpenType Features and Variable Fonts for Canvas,2022-10-17T20:15:29Z,macnmm
1281256443,mozilla/standards-positions,"Yeah, I think we can call this ""worth prototyping"".",https://github.com/mozilla/standards-positions/issues/699#issuecomment-1281256443,https://github.com/mozilla/standards-positions/issues/699,CSS lh and rlh units,2022-10-17T18:00:39Z,dholbert
1281199286,mozilla/standards-positions,"I guess I'm still sad that we shrugged off https://github.com/w3c/csswg-drafts/issues/3257, but alas",https://github.com/mozilla/standards-positions/issues/699#issuecomment-1281199286,https://github.com/mozilla/standards-positions/issues/699,CSS lh and rlh units,2022-10-17T17:20:57Z,emilio
1281192998,whatwg/html,"The problem then is if an ancestor element of the active element is removed, we wouldn't get an even",https://github.com/whatwg/html/pull/8392#issuecomment-1281192998,https://github.com/whatwg/html/pull/8392,Make the focus fixup rule more explicit,2022-10-17T17:15:30Z,devongovett
1281188693,whatwg/html,"@devongovett the problem with firing blur event on removal is timing.  We generally don't want to ",https://github.com/whatwg/html/pull/8392#issuecomment-1281188693,https://github.com/whatwg/html/pull/8392,Make the focus fixup rule more explicit,2022-10-17T17:11:47Z,emilio
1281180466,whatwg/html,"I would like to strongly advocate for blur events to be fired on element removal. Without this, it i",https://github.com/whatwg/html/pull/8392#issuecomment-1281180466,https://github.com/whatwg/html/pull/8392,Make the focus fixup rule more explicit,2022-10-17T17:04:42Z,devongovett
1281139632,whatwg/html,"Ah I also just finished my test changes here: https://github.com/web-platform-tests/wpt/pull/36498 ",https://github.com/whatwg/html/pull/8174#issuecomment-1281139632,https://github.com/whatwg/html/pull/8174,Yet more fixes to focus delegation,2022-10-17T16:28:34Z,josepharhar
1281056911,whatwg/html,"@domenic Yeah, I fixed them and it's https://github.com/web-platform-tests/wpt/pull/36449. I need to",https://github.com/whatwg/html/pull/8174#issuecomment-1281056911,https://github.com/whatwg/html/pull/8174,Yet more fixes to focus delegation,2022-10-17T15:29:42Z,sefeng211
1280999531,whatwg/html,Just hit this issue and wondered what the current consensus is? Arrived here having done what I cons,https://github.com/whatwg/html/issues/7732#issuecomment-1280999531,https://github.com/whatwg/html/issues/7732,Consider preventing page scroll when modal dialog is visible,2022-10-17T14:56:46Z,benfrain
1280681781,whatwg/html,"I can see that reasoning, but, (a) requiring waiting on cross-process messages for what would otherw",https://github.com/whatwg/html/issues/8395#issuecomment-1280681781,https://github.com/whatwg/html/issues/8395,Is beforeunload fired in all cases?,2022-10-17T11:02:53Z,domenic
1280677931,whatwg/html,"It would be rather surprising if beforeunload behavior was bound to fetch. beforeunload, as the name",https://github.com/whatwg/html/issues/8395#issuecomment-1280677931,https://github.com/whatwg/html/issues/8395,Is beforeunload fired in all cases?,2022-10-17T10:59:28Z,smaug----
1280598039,webkit/standards-positions,"As requested at https://github.com/w3c/screen-wake-lock/issues/348#issuecomment-1275653895, I've ope",https://github.com/WebKit/standards-positions/issues/19#issuecomment-1280598039,https://github.com/WebKit/standards-positions/issues/19,Controlling screen brightness,2022-10-17T09:55:19Z,beaufortfrancois
1280559567,whatwg/encoding,Closing in favor of #298.,https://github.com/whatwg/encoding/pull/297#issuecomment-1280559567,https://github.com/whatwg/encoding/pull/297,Meta: update repository files,2022-10-17T09:28:46Z,annevk
1280558900,whatwg/dom,Closing in favor of #1120.,https://github.com/whatwg/dom/pull/1119#issuecomment-1280558900,https://github.com/whatwg/dom/pull/1119,Meta: update repository files,2022-10-17T09:28:17Z,annevk
1280494104,whatwg/html,"Okay, I updated the limit to 100k, as per discussion here and in the issue.",https://github.com/whatwg/html/pull/8347#issuecomment-1280494104,https://github.com/whatwg/html/pull/8347,Specify a limit in HTMLOptionsCollection.length setter.,2022-10-17T08:38:47Z,emilio
1280435611,whatwg/html,I've merged this into https://github.com/whatwg/html/pull/6315 as https://github.com/whatwg/html/pul,https://github.com/whatwg/html/pull/7722#issuecomment-1280435611,https://github.com/whatwg/html/pull/7722,Editorial: refactor to depend on automatic timing reporting from fetch,2022-10-17T07:51:17Z,domenic
1280247826,whatwg/html,"Yeah, I think you are right, at least for the animation-frame case. I will update the patch for that",https://github.com/whatwg/html/pull/8392#issuecomment-1280247826,https://github.com/whatwg/html/pull/8392,Make the focus fixup rule more explicit,2022-10-17T04:03:17Z,domenic
1280184105,whatwg/html,"We discussed this in the triage meeting (#8250). There were not very strong feelings, but generally ",https://github.com/whatwg/html/issues/8321#issuecomment-1280184105,https://github.com/whatwg/html/issues/8321,Is a general Script: header a good idea?,2022-10-17T02:22:01Z,domenic
1275655820,webkit/standards-positions,Following [TPAC Devices and Sensors WG discussion](https://www.w3.org/2022/09/15-dap-minutes.html#t2,https://github.com/WebKit/standards-positions/issues/19#issuecomment-1275655820,https://github.com/WebKit/standards-positions/issues/19,Controlling screen brightness,2022-10-12T06:27:39Z,beaufortfrancois
764495070,whatwg/html,"> I'd be interested in seeing the browsing session/navigable/session history diagram  Yeah, I want",https://github.com/whatwg/html/pull/6315#issuecomment-764495070,https://github.com/whatwg/html/pull/6315,Navigation and session history rewrite,2021-01-21T09:15:32Z,jakearchibald